chapter_id,chapter,topic_id,topic,type,text,text_en,choice_a,choice_b,choice_c,choice_d,answer,person_name,person_role
bab1,Bab 1: Nombor Nisbah | Chapter 1: Rational Numbers,1-1-integer,1.1 Integer | 1.1 Integers,summary,"Integer ialah nombor bulat yang mempunyai tanda positif atau negatif, termasuk sifar.","Integers are whole numbers with positive or negative signs, including zero.",,,,,,,
bab1,Bab 1: Nombor Nisbah | Chapter 1: Rational Numbers,1-1-integer,1.1 Integer | 1.1 Integers,fact,"Integer positif adalah nombor bulat yang lebih besar daripada sifar, manakala integer negatif kurang daripada sifar.","Positive integers are whole numbers greater than zero, while negative integers are less than zero.",,,,,,,
bab1,Bab 1: Nombor Nisbah | Chapter 1: Rational Numbers,1-1-integer,1.1 Integer | 1.1 Integers,fact,Sifar bukan integer positif mahupun integer negatif.,Zero is neither a positive nor a negative integer.,,,,,,,
bab1,Bab 1: Nombor Nisbah | Chapter 1: Rational Numbers,1-1-integer,1.1 Integer | 1.1 Integers,person,Sumeria Purba menggunakan konsep pengiraan asas sebelum integer negatif diiktiraf secara meluas oleh ahli matematik India.,Ancient Sumerians used basic counting concepts before negative integers were widely recognized by Indian mathematicians.,,,,,,Brahmagupta,Ahli Matematik / Mathematician
bab1,Bab 1: Nombor Nisbah | Chapter 1: Rational Numbers,1-1-integer,1.1 Integer | 1.1 Integers,multiple_choice,"Antara berikut, yang manakah merupakan integer? / Which of the following is an integer?",,-5,0.5,1/2,3.14,-5,,
bab1,Bab 1: Nombor Nisbah | Chapter 1: Rational Numbers,1-1-integer,1.1 Integer | 1.1 Integers,objective,Cari nilai bagi -8 + 3. / Find the value of -8 + 3.,,,,,,-5,,
bab1,Bab 1: Nombor Nisbah | Chapter 1: Rational Numbers,1-2-operasi-asas-aritmetik,1.2 Operasi Asas Aritmetik yang Melibatkan Integer | 1.2 Basic Arithmetic Operations Involving Integers,summary,"Operasi penambahan, penolakan, pendaraban, dan pembahagian integer mengikut tatatanda tanda dan hukum kalis tukar tertib, kalis sekutuan, serta kalis agihan.","Addition, subtraction, multiplication, and division of integers follow sign rules and commutative, associative, and distributive laws.",,,,,,,
bab1,Bab 1: Nombor Nisbah | Chapter 1: Rational Numbers,1-2-operasi-asas-aritmetik,1.2 Operasi Asas Aritmetik yang Melibatkan Integer | 1.2 Basic Arithmetic Operations Involving Integers,fact,"Pendaraban dua nombor bertanda sama menghasilkan nilai positif, manakala tanda berbeza menghasilkan nilai negatif.","Multiplication of two numbers with the same sign yields a positive value, while different signs yield a negative value.",,,,,,,
bab1,Bab 1: Nombor Nisbah | Chapter 1: Rational Numbers,1-2-operasi-asas-aritmetik,1.2 Operasi Asas Aritmetik yang Melibatkan Integer | 1.2 Basic Arithmetic Operations Involving Integers,fact,Tertib operasi (BODMAS) mesti dipatuhi semasa menyelesaikan ungkapan aritmetik.,The order of operations (BODMAS) must be followed when solving arithmetic expressions.,,,,,,,
bab1,Bab 1: Nombor Nisbah | Chapter 1: Rational Numbers,1-2-operasi-asas-aritmetik,1.2 Operasi Asas Aritmetik yang Melibatkan Integer | 1.2 Basic Arithmetic Operations Involving Integers,person,Memperkenalkan peraturan matematik formal untuk pengiraan integer termasuk penambahan dan penolakan sifar.,Introduced formal mathematical rules for integer calculations including addition and subtraction of zero.,,,,,,Brahmagupta,Ahli Matematik / Mathematician
bab1,Bab 1: Nombor Nisbah | Chapter 1: Rational Numbers,1-2-operasi-asas-aritmetik,1.2 Operasi Asas Aritmetik yang Melibatkan Integer | 1.2 Basic Arithmetic Operations Involving Integers,multiple_choice,Hitung (-4) × (-3). / Calculate (-4) × (-3).,,12,-12,7,-7,12,,
bab1,Bab 1: Nombor Nisbah | Chapter 1: Rational Numbers,1-2-operasi-asas-aritmetik,1.2 Operasi Asas Aritmetik yang Melibatkan Integer | 1.2 Basic Arithmetic Operations Involving Integers,objective,Nilaikan (-15) ÷ 3 + 2. / Evaluate (-15) ÷ 3 + 2.,,,,,,-3,,
bab1,Bab 1: Nombor Nisbah | Chapter 1: Rational Numbers,1-3-pecahan-positif-dan-negatif,1.3 Pecahan Positif dan Pecahan Negatif | 1.3 Positive and Negative Fractions,summary,Pecahan positif dan negatif diwakilkan pada garis nombor untuk membandingkan nilainya.,Positive and negative fractions are represented on a number line to compare their values.,,,,,,,
bab1,Bab 1: Nombor Nisbah | Chapter 1: Rational Numbers,1-3-pecahan-positif-dan-negatif,1.3 Pecahan Positif dan Pecahan Negatif | 1.3 Positive and Negative Fractions,fact,"Pecahan positif terletak di sebelah kanan sifar, manakala pecahan negatif di sebelah kiri sifar.","Positive fractions lie to the right of zero, while negative fractions lie to the left of zero.",,,,,,,
bab1,Bab 1: Nombor Nisbah | Chapter 1: Rational Numbers,1-3-pecahan-positif-dan-negatif,1.3 Pecahan Positif dan Pecahan Negatif | 1.3 Positive and Negative Fractions,fact,Membandingkan dua pecahan memerlukan penyebut yang sama.,Comparing two fractions requires a common denominator.,,,,,,,
bab1,Bab 1: Nombor Nisbah | Chapter 1: Rational Numbers,1-3-pecahan-positif-dan-negatif,1.3 Pecahan Positif dan Pecahan Negatif | 1.3 Positive and Negative Fractions,person,Papirus Rhind menunjukkan penggunaan pecahan unit oleh masyarakat Mesir Purba.,The Rhind Papyrus shows the use of unit fractions by Ancient Egyptians.,,,,,,Ahmes,Juru Tulis Mesir / Egyptian Scribe
bab1,Bab 1: Nombor Nisbah | Chapter 1: Rational Numbers,1-3-pecahan-positif-dan-negatif,1.3 Pecahan Positif dan Pecahan Negatif | 1.3 Positive and Negative Fractions,multiple_choice,"Antara pecahan berikut, yang manakah nilai terkecil? / Which of the following fractions has the smallest value?",,-3/4,-1/4,1/4,3/4,-3/4,,
bab1,Bab 1: Nombor Nisbah | Chapter 1: Rational Numbers,1-3-pecahan-positif-dan-negatif,1.3 Pecahan Positif dan Pecahan Negatif | 1.3 Positive and Negative Fractions,objective,Hitung (-1/2) + (3/4). / Calculate (-1/2) + (3/4).,,,,,,1/4,,
bab1,Bab 1: Nombor Nisbah | Chapter 1: Rational Numbers,1-4-perpuluhan-positif-dan-negatif,1.4 Perpuluhan Positif dan Perpuluhan Negatif | 1.4 Positive and Negative Decimals,summary,Perpuluhan positif dan negatif disusun dan dihitung menggunakan operasi aritmetik asas.,Positive and negative decimals are ordered and calculated using basic arithmetic operations.,,,,,,,
bab1,Bab 1: Nombor Nisbah | Chapter 1: Rational Numbers,1-4-perpuluhan-positif-dan-negatif,1.4 Perpuluhan Positif dan Perpuluhan Negatif | 1.4 Positive and Negative Decimals,fact,Nombor perpuluhan negatif semakin kecil nilainya apabila digitnya semakin jauh dari sifar.,Negative decimal numbers decrease in value as their digits move further away from zero.,,,,,,,
bab1,Bab 1: Nombor Nisbah | Chapter 1: Rational Numbers,1-4-perpuluhan-positif-dan-negatif,1.4 Perpuluhan Positif dan Perpuluhan Negatif | 1.4 Positive and Negative Decimals,fact,Pendaraban perpuluhan dikira mengikut bilangan tempat perpuluhan.,Multiplication of decimals is calculated according to the total number of decimal places.,,,,,,,
bab1,Bab 1: Nombor Nisbah | Chapter 1: Rational Numbers,1-4-perpuluhan-positif-dan-negatif,1.4 Perpuluhan Positif dan Perpuluhan Negatif | 1.4 Positive and Negative Decimals,person,Membangunkan penggunaan titik perpuluhan dalam pengiraan matematik moden.,Developed the use of the decimal point in modern mathematical calculations.,,,,,,John Napier,Ahli Matematik / Mathematician
bab1,Bab 1: Nombor Nisbah | Chapter 1: Rational Numbers,1-4-perpuluhan-positif-dan-negatif,1.4 Perpuluhan Positif dan Perpuluhan Negatif | 1.4 Positive and Negative Decimals,multiple_choice,Hitung -2.5 + 1.2. / Calculate -2.5 + 1.2.,,-1.3,1.3,-3.7,3.7,-1.3,,
bab1,Bab 1: Nombor Nisbah | Chapter 1: Rational Numbers,1-4-perpuluhan-positif-dan-negatif,1.4 Perpuluhan Positif dan Perpuluhan Negatif | 1.4 Positive and Negative Decimals,objective,Nilaikan (-0.4) × 0.5. / Evaluate (-0.4) × 0.5.,,,,,,-0.2,,
bab1,Bab 1: Nombor Nisbah | Chapter 1: Rational Numbers,1-5-nombor-nisbah,1.5 Nombor Nisbah | 1.5 Rational Numbers,summary,"Nombor nisbah ialah nombor yang boleh ditulis dalam bentuk p/q, dengan p dan q ialah integer dan q ≠ 0.","Rational numbers are numbers that can be written in the form p/q, where p and q are integers and q ≠ 0.",,,,,,,
bab1,Bab 1: Nombor Nisbah | Chapter 1: Rational Numbers,1-5-nombor-nisbah,1.5 Nombor Nisbah | 1.5 Rational Numbers,fact,Semua integer dan pecahan wajar mahupun tak wajar merupakan nombor nisbah.,All integers and proper or improper fractions are rational numbers.,,,,,,,
bab1,Bab 1: Nombor Nisbah | Chapter 1: Rational Numbers,1-5-nombor-nisbah,1.5 Nombor Nisbah | 1.5 Rational Numbers,fact,Nombor perpuluhan berulang dan perpuluhan tamat tergolong dalam nombor nisbah.,Terminating and repeating decimals belong to the set of rational numbers.,,,,,,,
bab1,Bab 1: Nombor Nisbah | Chapter 1: Rational Numbers,1-5-nombor-nisbah,1.5 Nombor Nisbah | 1.5 Rational Numbers,person,Mengkaji hubungan antara nombor dan nisbah dalam alam semesta.,Studied the relationships between numbers and ratios in the physical universe.,,,,,,Pythagoras,Ahli Falsafah & Matematik / Philosopher & Mathematician
bab1,Bab 1: Nombor Nisbah | Chapter 1: Rational Numbers,1-5-nombor-nisbah,1.5 Nombor Nisbah | 1.5 Rational Numbers,multiple_choice,"Antara berikut, yang manakah BUKAN nombor nisbah? / Which of the following is NOT a rational number?",,π (pi),0.5,3/4,-2,π (pi),,
bab1,Bab 1: Nombor Nisbah | Chapter 1: Rational Numbers,1-5-nombor-nisbah,1.5 Nombor Nisbah | 1.5 Rational Numbers,objective,Tulis 0.75 dalam bentuk pecahan terkecil p/q. / Write 0.75 in simplest fraction form p/q.,,,,,,3/4,,
bab2,Bab 2: Faktor dan Gandaan | Chapter 2: Factors and Multiples,2-1-faktor-fstb,"2.1 Faktor, Faktor Perdana dan Faktor Sepunya Terbesar (FSTB) | 2.1 Factors, Prime Factors and Highest Common Factor (HCF)",summary,"Faktor ialah nombor membahagi habis nombor tertentu, manakala FSTB ialah faktor sepunya terbesar bagi dua atau lebih nombor.","Factors are numbers that divide a given number completely, while HCF is the largest common factor of two or more numbers.",,,,,,,
bab2,Bab 2: Faktor dan Gandaan | Chapter 2: Factors and Multiples,2-1-faktor-fstb,"2.1 Faktor, Faktor Perdana dan Faktor Sepunya Terbesar (FSTB) | 2.1 Factors, Prime Factors and Highest Common Factor (HCF)",fact,Nombor perdana hanya mempunyai dua faktor: 1 dan dirinya sendiri.,Prime numbers have only two factors: 1 and itself.,,,,,,,
bab2,Bab 2: Faktor dan Gandaan | Chapter 2: Factors and Multiples,2-1-faktor-fstb,"2.1 Faktor, Faktor Perdana dan Faktor Sepunya Terbesar (FSTB) | 2.1 Factors, Prime Factors and Highest Common Factor (HCF)",fact,FSTB boleh ditentukan melalui kaedah pembahagian berulang atau pemfaktoran perdana.,HCF can be determined using repeated division or prime factorization methods.,,,,,,,
bab2,Bab 2: Faktor dan Gandaan | Chapter 2: Factors and Multiples,2-1-faktor-fstb,"2.1 Faktor, Faktor Perdana dan Faktor Sepunya Terbesar (FSTB) | 2.1 Factors, Prime Factors and Highest Common Factor (HCF)",person,Ciri-ciri nombor perdana dikaji secara sistematik dalam karya Elements oleh Euclid.,Properties of prime numbers were systematically studied in Elements by Euclid.,,,,,,Euclid,Bapa Geometri / Father of Geometry
bab2,Bab 2: Faktor dan Gandaan | Chapter 2: Factors and Multiples,2-1-faktor-fstb,"2.1 Faktor, Faktor Perdana dan Faktor Sepunya Terbesar (FSTB) | 2.1 Factors, Prime Factors and Highest Common Factor (HCF)",multiple_choice,Berapakah Faktor Sepunya Terbesar (FSTB) bagi 12 dan 18? / What is the Highest Common Factor (HCF) of 12 and 18?,,6,3,2,36,6,,
bab2,Bab 2: Faktor dan Gandaan | Chapter 2: Factors and Multiples,2-1-faktor-fstb,"2.1 Faktor, Faktor Perdana dan Faktor Sepunya Terbesar (FSTB) | 2.1 Factors, Prime Factors and Highest Common Factor (HCF)",objective,Senaraikan semua faktor perdana bagi 20. / List all prime factors of 20.,,,,,,"2, 5",,
bab2,Bab 2: Faktor dan Gandaan | Chapter 2: Factors and Multiples,2-2-gandaan-gstk,"2.2 Gandaan, Gandaan Sepunya dan Gandaan Sepunya Terkecil (GSTK) | 2.2 Multiples, Common Multiples and Lowest Common Multiple (LCM)",summary,"Gandaan suatu nombor ialah hasil darab nombor itu dengan nombor bulat lain, manakala GSTK ialah gandaan sepunya paling kecil.","A multiple of a number is the product of that number and another whole number, while LCM is the smallest common multiple.",,,,,,,
bab2,Bab 2: Faktor dan Gandaan | Chapter 2: Factors and Multiples,2-2-gandaan-gstk,"2.2 Gandaan, Gandaan Sepunya dan Gandaan Sepunya Terkecil (GSTK) | 2.2 Multiples, Common Multiples and Lowest Common Multiple (LCM)",fact,Setiap nombor mempunyai bilangan gandaan yang tidak terhingga.,Every number has an infinite number of multiples.,,,,,,,
bab2,Bab 2: Faktor dan Gandaan | Chapter 2: Factors and Multiples,2-2-gandaan-gstk,"2.2 Gandaan, Gandaan Sepunya dan Gandaan Sepunya Terkecil (GSTK) | 2.2 Multiples, Common Multiples and Lowest Common Multiple (LCM)",fact,GSTK digunakan untuk mencari penyebut sepunya terbawah semasa menambah pecahan.,LCM is used to find the lowest common denominator when adding fractions.,,,,,,,
bab2,Bab 2: Faktor dan Gandaan | Chapter 2: Factors and Multiples,2-2-gandaan-gstk,"2.2 Gandaan, Gandaan Sepunya dan Gandaan Sepunya Terkecil (GSTK) | 2.2 Multiples, Common Multiples and Lowest Common Multiple (LCM)",person,Membangunkan kaedah penapis (Sieve of Eratosthenes) untuk mencari nombor perdana dan gandaannya.,Developed the Sieve of Eratosthenes to systematically find prime numbers and their multiples.,,,,,,Eratosthenes,Ahli Matematik & Astronomi / Mathematician & Astronomer
bab2,Bab 2: Faktor dan Gandaan | Chapter 2: Factors and Multiples,2-2-gandaan-gstk,"2.2 Gandaan, Gandaan Sepunya dan Gandaan Sepunya Terkecil (GSTK) | 2.2 Multiples, Common Multiples and Lowest Common Multiple (LCM)",multiple_choice,Berapakah Gandaan Sepunya Terkecil (GSTK) bagi 4 dan 6? / What is the Lowest Common Multiple (LCM) of 4 and 6?,,12,24,2,18,12,,
bab2,Bab 2: Faktor dan Gandaan | Chapter 2: Factors and Multiples,2-2-gandaan-gstk,"2.2 Gandaan, Gandaan Sepunya dan Gandaan Sepunya Terkecil (GSTK) | 2.2 Multiples, Common Multiples and Lowest Common Multiple (LCM)",objective,"Cari GSTK bagi 3, 5, dan 6. / Find the LCM of 3, 5, and 6.",,,,,,30,,
bab3,"Bab 3: Kuasa Dua, Punca Kuasa Dua, Kuasa Tiga dan Punca Kuasa Tiga | Chapter 3: Squares, Square Roots, Cubes and Cube Roots",3-1-kuasa-dua,3.1 Kuasa Dua dan Punca Kuasa Dua | 3.1 Squares and Square Roots,summary,"Kuasa dua suatu nombor ialah hasil darab nombor itu dengan dirinya sendiri, manakala punca kuasa dua ialah operasi songsangannya.","The square of a number is the product of the number multiplied by itself, while the square root is its inverse operation.",,,,,,,
bab3,"Bab 3: Kuasa Dua, Punca Kuasa Dua, Kuasa Tiga dan Punca Kuasa Tiga | Chapter 3: Squares, Square Roots, Cubes and Cube Roots",3-1-kuasa-dua,3.1 Kuasa Dua dan Punca Kuasa Dua | 3.1 Squares and Square Roots,fact,Kuasa dua bagi mana-mana nombor nyata sentiasa bernilai positif atau sifar.,The square of any real number is always positive or zero.,,,,,,,
bab3,"Bab 3: Kuasa Dua, Punca Kuasa Dua, Kuasa Tiga dan Punca Kuasa Tiga | Chapter 3: Squares, Square Roots, Cubes and Cube Roots",3-1-kuasa-dua,3.1 Kuasa Dua dan Punca Kuasa Dua | 3.1 Squares and Square Roots,fact,Kuasa dua sempurna ialah nombor bulat yang terhasil daripada kuasa dua suatu integer.,A perfect square is a whole number that is the square of an integer.,,,,,,,
bab3,"Bab 3: Kuasa Dua, Punca Kuasa Dua, Kuasa Tiga dan Punca Kuasa Tiga | Chapter 3: Squares, Square Roots, Cubes and Cube Roots",3-1-kuasa-dua,3.1 Kuasa Dua dan Punca Kuasa Dua | 3.1 Squares and Square Roots,person,Ahli matematik Babylon membangunkan kaedah menganggarkan punca kuasa dua dengan ketepatan tinggi.,Babylonian mathematicians developed methods for approximating square roots with high precision.,,,,,,Hero dari Alexandria,Ahli Matematik & Jurutera / Mathematician & Engineer
bab3,"Bab 3: Kuasa Dua, Punca Kuasa Dua, Kuasa Tiga dan Punca Kuasa Tiga | Chapter 3: Squares, Square Roots, Cubes and Cube Roots",3-1-kuasa-dua,3.1 Kuasa Dua dan Punca Kuasa Dua | 3.1 Squares and Square Roots,multiple_choice,Nilaikan √81. / Evaluate √81.,,9,8,81,18,9,,
bab3,"Bab 3: Kuasa Dua, Punca Kuasa Dua, Kuasa Tiga dan Punca Kuasa Tiga | Chapter 3: Squares, Square Roots, Cubes and Cube Roots",3-1-kuasa-dua,3.1 Kuasa Dua dan Punca Kuasa Dua | 3.1 Squares and Square Roots,objective,Cari nilai 7². / Find the value of 7².,,,,,,49,,
bab3,"Bab 3: Kuasa Dua, Punca Kuasa Dua, Kuasa Tiga dan Punca Kuasa Tiga | Chapter 3: Squares, Square Roots, Cubes and Cube Roots",3-2-kuasa-tiga,3.2 Kuasa Tiga dan Punca Kuasa Tiga | 3.2 Cubes and Cube Roots,summary,"Kuasa tiga suatu nombor ialah hasil darab nombor itu didarab sebanyak tiga kali, manakala punca kuasa tiga ialah operasi songsangannya.","The cube of a number is the product of multiplying the number three times, while the cube root is its inverse operation.",,,,,,,
bab3,"Bab 3: Kuasa Dua, Punca Kuasa Dua, Kuasa Tiga dan Punca Kuasa Tiga | Chapter 3: Squares, Square Roots, Cubes and Cube Roots",3-2-kuasa-tiga,3.2 Kuasa Tiga dan Punca Kuasa Tiga | 3.2 Cubes and Cube Roots,fact,Kuasa tiga bagi nombor negatif menghasilkan nilai negatif.,The cube of a negative number yields a negative value.,,,,,,,
bab3,"Bab 3: Kuasa Dua, Punca Kuasa Dua, Kuasa Tiga dan Punca Kuasa Tiga | Chapter 3: Squares, Square Roots, Cubes and Cube Roots",3-2-kuasa-tiga,3.2 Kuasa Tiga dan Punca Kuasa Tiga | 3.2 Cubes and Cube Roots,fact,Punca kuasa tiga bagi nombor negatif adalah wujud dan bernilai negatif.,The cube root of a negative number exists and is negative.,,,,,,,
bab3,"Bab 3: Kuasa Dua, Punca Kuasa Dua, Kuasa Tiga dan Punca Kuasa Tiga | Chapter 3: Squares, Square Roots, Cubes and Cube Roots",3-2-kuasa-tiga,3.2 Kuasa Tiga dan Punca Kuasa Tiga | 3.2 Cubes and Cube Roots,person,Mengkaji persamaan kubik dan sifat kuasa tiga dalam karya al-Jabr.,Studied cubic equations and properties of cubes in his work al-Jabr.,,,,,,Al-Khwarizmi,Bapa Algebra / Father of Algebra
bab3,"Bab 3: Kuasa Dua, Punca Kuasa Dua, Kuasa Tiga dan Punca Kuasa Tiga | Chapter 3: Squares, Square Roots, Cubes and Cube Roots",3-2-kuasa-tiga,3.2 Kuasa Tiga dan Punca Kuasa Tiga | 3.2 Cubes and Cube Roots,multiple_choice,Nilaikan 3√(27). / Evaluate 3√(27).,,3,9,81,27,3,,
bab3,"Bab 3: Kuasa Dua, Punca Kuasa Dua, Kuasa Tiga dan Punca Kuasa Tiga | Chapter 3: Squares, Square Roots, Cubes and Cube Roots",3-2-kuasa-tiga,3.2 Kuasa Tiga dan Punca Kuasa Tiga | 3.2 Cubes and Cube Roots,objective,Hitung (-2)³. / Calculate (-2)³.,,,,,,-8,,
bab4,"Bab 4: Nisbah, Kadar dan Kadaran | Chapter 4: Ratios, Rates and Proportions",4-1-nisbah,4.1 Nisbah | 4.1 Ratios,summary,Nisbah membandingkan dua atau lebih kuantiti yang mempunyai unit yang sama.,A ratio compares two or more quantities of the same unit.,,,,,,,
bab4,"Bab 4: Nisbah, Kadar dan Kadaran | Chapter 4: Ratios, Rates and Proportions",4-1-nisbah,4.1 Nisbah | 4.1 Ratios,fact,Nisbah tidak mempunyai unit pengukuran.,Ratios do not have units of measurement.,,,,,,,
bab4,"Bab 4: Nisbah, Kadar dan Kadaran | Chapter 4: Ratios, Rates and Proportions",4-1-nisbah,4.1 Nisbah | 4.1 Ratios,fact,Nisbah a:b boleh ditulis sebagai pecahan a/b.,The ratio a:b can be written as the fraction a/b.,,,,,,,
bab4,"Bab 4: Nisbah, Kadar dan Kadaran | Chapter 4: Ratios, Rates and Proportions",4-1-nisbah,4.1 Nisbah | 4.1 Ratios,person,Menggunakan nisbah keemasan (Golden Ratio) dalam seni Bina dan matematik purba.,Used the Golden Ratio in ancient architecture and mathematics.,,,,,,Phidias,Pengarca & Jurubina / Sculptor & Architect
bab4,"Bab 4: Nisbah, Kadar dan Kadaran | Chapter 4: Ratios, Rates and Proportions",4-1-nisbah,4.1 Nisbah | 4.1 Ratios,multiple_choice,Permudahkan nisbah 6 : 12. / Simplify the ratio 6 : 12.,,1 : 2,2 : 1,1 : 3,3 : 1,1 : 2,,
bab4,"Bab 4: Nisbah, Kadar dan Kadaran | Chapter 4: Ratios, Rates and Proportions",4-1-nisbah,4.1 Nisbah | 4.1 Ratios,objective,Tulis nisbah 500 g kepada 2 kg dalam bentuk termudah. / Write the ratio of 500 g to 2 kg in simplest form.,,,,,,1 : 4,,
bab4,"Bab 4: Nisbah, Kadar dan Kadaran | Chapter 4: Ratios, Rates and Proportions",4-2-kadar,4.2 Kadar | 4.2 Rates,summary,Kadar ialah perbandingan antara dua kuantiti yang mempunyai unit yang berbeza.,A rate is a comparison between two quantities with different units.,,,,,,,
bab4,"Bab 4: Nisbah, Kadar dan Kadaran | Chapter 4: Ratios, Rates and Proportions",4-2-kadar,4.2 Kadar | 4.2 Rates,fact,Laju (km/j) dan ketumpatan (g/cm³) ialah contoh kadar.,Speed (km/h) and density (g/cm³) are examples of rates.,,,,,,,
bab4,"Bab 4: Nisbah, Kadar dan Kadaran | Chapter 4: Ratios, Rates and Proportions",4-2-kadar,4.2 Kadar | 4.2 Rates,fact,Kadar unit mengukur kuantiti per satu unit kuantiti lain.,Unit rate measures the quantity per single unit of another quantity.,,,,,,,
bab4,"Bab 4: Nisbah, Kadar dan Kadaran | Chapter 4: Ratios, Rates and Proportions",4-2-kadar,4.2 Kadar | 4.2 Rates,person,Mendefinisikan kadar perubahan laju dan pecutan dalam hukum fizik.,Defined rates of speed change and acceleration in physical laws.,,,,,,Isaac Newton,Ahli Fizik & Matematik / Physicist & Mathematician
bab4,"Bab 4: Nisbah, Kadar dan Kadaran | Chapter 4: Ratios, Rates and Proportions",4-2-kadar,4.2 Kadar | 4.2 Rates,multiple_choice,Sebuah kereta bergerak 120 km dalam masa 2 jam. Berapakah lajunya? / A car travels 120 km in 2 hours. What is its speed?,,60 km/j,240 km/j,50 km/j,100 km/j,60 km/j,,
bab4,"Bab 4: Nisbah, Kadar dan Kadaran | Chapter 4: Ratios, Rates and Proportions",4-2-kadar,4.2 Kadar | 4.2 Rates,objective,"Jika RM15 dibayar untuk 3 kg epal, berapakah harga per kg? / If RM15 is paid for 3 kg of apples, what is the price per kg?",,,,,,RM5,,
bab4,"Bab 4: Nisbah, Kadar dan Kadaran | Chapter 4: Ratios, Rates and Proportions",4-3-kadaran,4.3 Kadaran | 4.3 Proportions,summary,Kadaran ialah hubungan yang menunjukkan kesamaan antara dua nisbah atau dua kadar.,Proportion is a statement showing that two ratios or rates are equal.,,,,,,,
bab4,"Bab 4: Nisbah, Kadar dan Kadaran | Chapter 4: Ratios, Rates and Proportions",4-3-kadaran,4.3 Kadaran | 4.3 Proportions,fact,"Jika a/b = c/d, maka a × d = b × c (pendaraban silang).","If a/b = c/d, then a × d = b × c (cross-multiplication).",,,,,,,
bab4,"Bab 4: Nisbah, Kadar dan Kadaran | Chapter 4: Ratios, Rates and Proportions",4-3-kadaran,4.3 Kadaran | 4.3 Proportions,fact,Kaedah kadaran digunakan untuk menyelesaikan masalah skala dan peta.,Proportional methods are used to solve scale and map problems.,,,,,,,
bab4,"Bab 4: Nisbah, Kadar dan Kadaran | Chapter 4: Ratios, Rates and Proportions",4-3-kadaran,4.3 Kadaran | 4.3 Proportions,person,Merumuskan teori kadaran geometri dalam buku V Elements.,Formulated the geometric theory of proportion in Book V of Elements.,,,,,,Eudoxus dari Cnidus,Ahli Matematik & Astronomi / Mathematician & Astronomer
bab4,"Bab 4: Nisbah, Kadar dan Kadaran | Chapter 4: Ratios, Rates and Proportions",4-3-kadaran,4.3 Kadaran | 4.3 Proportions,multiple_choice,"Jika x/4 = 6/8, cari nilai x. / If x/4 = 6/8, find the value of x.",,3,4,2,6,3,,
bab4,"Bab 4: Nisbah, Kadar dan Kadaran | Chapter 4: Ratios, Rates and Proportions",4-3-kadaran,4.3 Kadaran | 4.3 Proportions,objective,Selesaikan kadaran: 2/5 = 8/y. / Solve the proportion: 2/5 = 8/y.,,,,,,20,,
bab4,"Bab 4: Nisbah, Kadar dan Kadaran | Chapter 4: Ratios, Rates and Proportions",4-4-nisbah-kadar-kadaran,"4.4 Nisbah, Kadar dan Kadaran | 4.4 Ratios, Rates and Proportions",summary,"Gabungan konsep nisbah, kadar, dan kadaran dalam menyelesaikan masalah kehidupan seharian.","Combining concepts of ratios, rates, and proportions to solve real-world problems.",,,,,,,
bab4,"Bab 4: Nisbah, Kadar dan Kadaran | Chapter 4: Ratios, Rates and Proportions",4-4-nisbah-kadar-kadaran,"4.4 Nisbah, Kadar dan Kadaran | 4.4 Ratios, Rates and Proportions",fact,Masalah penukaran mata wang menggunakan konsep kadar dan kadaran.,Currency exchange problems utilize rate and proportion concepts.,,,,,,,
bab4,"Bab 4: Nisbah, Kadar dan Kadaran | Chapter 4: Ratios, Rates and Proportions",4-4-nisbah-kadar-kadaran,"4.4 Nisbah, Kadar dan Kadaran | 4.4 Ratios, Rates and Proportions",fact,Skala pada peta diwakili oleh nisbah pemetaan.,Map scales are represented by mapping ratios.,,,,,,,
bab4,"Bab 4: Nisbah, Kadar dan Kadaran | Chapter 4: Ratios, Rates and Proportions",4-4-nisbah-kadar-kadaran,"4.4 Nisbah, Kadar dan Kadaran | 4.4 Ratios, Rates and Proportions",person,Mengaplikasikan nisbah dan kadaran dalam petografi dan seni bina klasik.,Applied ratios and proportions in cartography and classical architecture.,,,,,,Vitruvius,Jurubina Rom / Roman Architect
bab4,"Bab 4: Nisbah, Kadar dan Kadaran | Chapter 4: Ratios, Rates and Proportions",4-4-nisbah-kadar-kadaran,"4.4 Nisbah, Kadar dan Kadaran | 4.4 Ratios, Rates and Proportions",multiple_choice,"Jika skala peta ialah 1 : 100 000, 1 cm mewakili berapa km? / If a map scale is 1 : 100 000, 1 cm represents how many km?",,1 km,10 km,0.1 km,100 km,1 km,,
bab4,"Bab 4: Nisbah, Kadar dan Kadaran | Chapter 4: Ratios, Rates and Proportions",4-4-nisbah-kadar-kadaran,"4.4 Nisbah, Kadar dan Kadaran | 4.4 Ratios, Rates and Proportions",objective,Tukarkan 72 km/j kepada m/s. / Convert 72 km/h to m/s.,,,,,,20 m/s,,
bab4,"Bab 4: Nisbah, Kadar dan Kadaran | Chapter 4: Ratios, Rates and Proportions",4-5-perkaitan-nisbah-peratusan,"4.5 Perkaitan antara Nisbah, Kadar dan Kadaran dengan Peratusan, Pecahan dan Perpuluhan | 4.5 Relationship between Ratios, Rates and Proportions with Percentages, Fractions and Decimals",summary,"Nisbah dan kadar boleh diungkapkan dalam bentuk peratusan, pecahan, atau perpuluhan.","Ratios and rates can be expressed in terms of percentages, fractions, or decimals.",,,,,,,
bab4,"Bab 4: Nisbah, Kadar dan Kadaran | Chapter 4: Ratios, Rates and Proportions",4-5-perkaitan-nisbah-peratusan,"4.5 Perkaitan antara Nisbah, Kadar dan Kadaran dengan Peratusan, Pecahan dan Perpuluhan | 4.5 Relationship between Ratios, Rates and Proportions with Percentages, Fractions and Decimals",fact,Peratusan ialah pecahan dengan penyebut 100.,Percentage is a fraction with a denominator of 100.,,,,,,,
bab4,"Bab 4: Nisbah, Kadar dan Kadaran | Chapter 4: Ratios, Rates and Proportions",4-5-perkaitan-nisbah-peratusan,"4.5 Perkaitan antara Nisbah, Kadar dan Kadaran dengan Peratusan, Pecahan dan Perpuluhan | 4.5 Relationship between Ratios, Rates and Proportions with Percentages, Fractions and Decimals",fact,Nisbah 1 : 4 bersamaan dengan 25% atau 0.25.,The ratio 1 : 4 is equivalent to 25% or 0.25.,,,,,,,
bab4,"Bab 4: Nisbah, Kadar dan Kadaran | Chapter 4: Ratios, Rates and Proportions",4-5-perkaitan-nisbah-peratusan,"4.5 Perkaitan antara Nisbah, Kadar dan Kadaran dengan Peratusan, Pecahan dan Perpuluhan | 4.5 Relationship between Ratios, Rates and Proportions with Percentages, Fractions and Decimals",person,Mengembangkan statistik berasaskan peratus dan pecahan dalam perniagaan purba.,Developed statistics based on percentages and fractions in early commerce.,,,,,,Luca Pacioli,Bapa Perakaunan / Father of Accounting
bab4,"Bab 4: Nisbah, Kadar dan Kadaran | Chapter 4: Ratios, Rates and Proportions",4-5-perkaitan-nisbah-peratusan,"4.5 Perkaitan antara Nisbah, Kadar dan Kadaran dengan Peratusan, Pecahan dan Perpuluhan | 4.5 Relationship between Ratios, Rates and Proportions with Percentages, Fractions and Decimals",multiple_choice,Ungkapkan nisbah 3 : 5 sebagai peratusan. / Express the ratio 3 : 5 as a percentage.,,60%,30%,50%,75%,60%,,
bab4,"Bab 4: Nisbah, Kadar dan Kadaran | Chapter 4: Ratios, Rates and Proportions",4-5-perkaitan-nisbah-peratusan,"4.5 Perkaitan antara Nisbah, Kadar dan Kadaran dengan Peratusan, Pecahan dan Perpuluhan | 4.5 Relationship between Ratios, Rates and Proportions with Percentages, Fractions and Decimals",objective,Tukarkan 40% kepada pecahan termudah. / Convert 40% to its simplest fraction.,,,,,,2/5,,
bab5,Bab 5: Ungkapan Algebra | Chapter 5: Algebraic Expressions,5-1-pemboleh-ubah,5.1 Pemboleh Ubah dan Ungkapan Algebra | 5.1 Variables and Algebraic Expressions,summary,"Pemboleh ubah ialah kuantiti yang nilainya belum diketahui atau boleh berubah, manakala ungkapan algebra mengandungi pemboleh ubah dan nombor.","A variable is a quantity whose value is unknown or changeable, while an algebraic expression contains variables and numbers.",,,,,,,
bab5,Bab 5: Ungkapan Algebra | Chapter 5: Algebraic Expressions,5-1-pemboleh-ubah,5.1 Pemboleh Ubah dan Ungkapan Algebra | 5.1 Variables and Algebraic Expressions,fact,"Huruf seperti x, y, dan z biasanya digunakan untuk mewakili pemboleh ubah.","Letters such as x, y, and z are commonly used to represent variables.",,,,,,,
bab5,Bab 5: Ungkapan Algebra | Chapter 5: Algebraic Expressions,5-1-pemboleh-ubah,5.1 Pemboleh Ubah dan Ungkapan Algebra | 5.1 Variables and Algebraic Expressions,fact,Sebutan algebra terdiri daripada pekali dan pemboleh ubah.,An algebraic term consists of a coefficient and variables.,,,,,,,
bab5,Bab 5: Ungkapan Algebra | Chapter 5: Algebraic Expressions,5-1-pemboleh-ubah,5.1 Pemboleh Ubah dan Ungkapan Algebra | 5.1 Variables and Algebraic Expressions,person,Menulis kitab al-Kitāb al-mukhtaṣar fī ḥisāb al-jabr wa'l-muqābala yang asas kepada algebra.,"Wrote the foundational book on algebra, al-Kitāb al-mukhtaṣar fī ḥisāb al-jabr wa'l-muqābala.",,,,,,Al-Khwarizmi,Ahli Matematik / Mathematician
bab5,Bab 5: Ungkapan Algebra | Chapter 5: Algebraic Expressions,5-1-pemboleh-ubah,5.1 Pemboleh Ubah dan Ungkapan Algebra | 5.1 Variables and Algebraic Expressions,multiple_choice,Apakah pekali bagi x dalam sebutan -7x? / What is the coefficient of x in the term -7x?,,-7,7,x,-1,-7,,
bab5,Bab 5: Ungkapan Algebra | Chapter 5: Algebraic Expressions,5-1-pemboleh-ubah,5.1 Pemboleh Ubah dan Ungkapan Algebra | 5.1 Variables and Algebraic Expressions,objective,Permudahkan: 3x + 2x. / Simplify: 3x + 2x.,,,,,,5x,,
bab5,Bab 5: Ungkapan Algebra | Chapter 5: Algebraic Expressions,5-2-ungkapan-algebra-operasi,5.2 Ungkapan Algebra yang Melibatkan Operasi Asas Aritmetik | 5.2 Algebraic Expressions Involving Basic Arithmetic Operations,summary,"Penambahan, penolakan, pendaraban, dan pembahagian boleh dilakukan pada sebutan serupa dalam ungkapan algebra.","Addition, subtraction, multiplication, and division can be performed on like terms in algebraic expressions.",,,,,,,
bab5,Bab 5: Ungkapan Algebra | Chapter 5: Algebraic Expressions,5-2-ungkapan-algebra-operasi,5.2 Ungkapan Algebra yang Melibatkan Operasi Asas Aritmetik | 5.2 Algebraic Expressions Involving Basic Arithmetic Operations,fact,Sebutan serupa mempunyai pemboleh ubah yang sama dengan kuasa yang sama.,Like terms have identical variables raised to the same powers.,,,,,,,
bab5,Bab 5: Ungkapan Algebra | Chapter 5: Algebraic Expressions,5-2-ungkapan-algebra-operasi,5.2 Ungkapan Algebra yang Melibatkan Operasi Asas Aritmetik | 5.2 Algebraic Expressions Involving Basic Arithmetic Operations,fact,Sebutan tak serupa tidak boleh ditambah atau ditolak secara terus.,Unlike terms cannot be directly added or subtracted.,,,,,,,
bab5,Bab 5: Ungkapan Algebra | Chapter 5: Algebraic Expressions,5-2-ungkapan-algebra-operasi,5.2 Ungkapan Algebra yang Melibatkan Operasi Asas Aritmetik | 5.2 Algebraic Expressions Involving Basic Arithmetic Operations,person,Memperkenalkan penggunaan simbol abjad secara berstruktur untuk algebra moden.,Introduced symbolic algebraic notation using letters systematically.,,,,,,François Viète,Ahli Matematik / Mathematician
bab5,Bab 5: Ungkapan Algebra | Chapter 5: Algebraic Expressions,5-2-ungkapan-algebra-operasi,5.2 Ungkapan Algebra yang Melibatkan Operasi Asas Aritmetik | 5.2 Algebraic Expressions Involving Basic Arithmetic Operations,multiple_choice,Permudahkan (4x + 3y) - (2x - y). / Simplify (4x + 3y) - (2x - y).,,2x + 4y,2x + 2y,6x + 4y,2x - 4y,2x + 4y,,
bab5,Bab 5: Ungkapan Algebra | Chapter 5: Algebraic Expressions,5-2-ungkapan-algebra-operasi,5.2 Ungkapan Algebra yang Melibatkan Operasi Asas Aritmetik | 5.2 Algebraic Expressions Involving Basic Arithmetic Operations,objective,Kembangkan: 3(2a + 5). / Expand: 3(2a + 5).,,,,,,6a + 15,,
bab6,Bab 6: Persamaan Linear | Chapter 6: Linear Equations,6-1-persamaan-linear-satu-pemboleh-ubah,6.1 Persamaan Linear dalam Satu Pemboleh Ubah | 6.1 Linear Equations in One Variable,summary,Persamaan linear dalam satu pemboleh ubah ialah persamaan yang mengandungi satu pemboleh ubah dengan kuasa tertinggi 1.,A linear equation in one variable is an equation containing one variable with the highest power of 1.,,,,,,,
bab6,Bab 6: Persamaan Linear | Chapter 6: Linear Equations,6-1-persamaan-linear-satu-pemboleh-ubah,6.1 Persamaan Linear dalam Satu Pemboleh Ubah | 6.1 Linear Equations in One Variable,fact,Bentuk umum ialah ax + b = c dengan a ≠ 0.,The general form is ax + b = c where a ≠ 0.,,,,,,,
bab6,Bab 6: Persamaan Linear | Chapter 6: Linear Equations,6-1-persamaan-linear-satu-pemboleh-ubah,6.1 Persamaan Linear dalam Satu Pemboleh Ubah | 6.1 Linear Equations in One Variable,fact,Penyelesaian persamaan diperoleh dengan mengekalkan kesaksamaan pada kedua-dua belah.,The solution is found by maintaining equality on both sides.,,,,,,,
bab6,Bab 6: Persamaan Linear | Chapter 6: Linear Equations,6-1-persamaan-linear-satu-pemboleh-ubah,6.1 Persamaan Linear dalam Satu Pemboleh Ubah | 6.1 Linear Equations in One Variable,person,Membangunkan teknik kesaksamaan dan imbangan dalam menyelesaikan persamaan.,Developed techniques of balance and equality in solving equations.,,,,,,Al-Karaji,Ahli Matematik / Mathematician
bab6,Bab 6: Persamaan Linear | Chapter 6: Linear Equations,6-1-persamaan-linear-satu-pemboleh-ubah,6.1 Persamaan Linear dalam Satu Pemboleh Ubah | 6.1 Linear Equations in One Variable,multiple_choice,Selesaikan persamaan 2x + 5 = 11. / Solve the equation 2x + 5 = 11.,,x = 3,x = 8,x = 4,x = 2,x = 3,,
bab6,Bab 6: Persamaan Linear | Chapter 6: Linear Equations,6-1-persamaan-linear-satu-pemboleh-ubah,6.1 Persamaan Linear dalam Satu Pemboleh Ubah | 6.1 Linear Equations in One Variable,objective,Cari nilai y jika 3y - 4 = 14. / Find the value of y if 3y - 4 = 14.,,,,,,y = 6,,
bab6,Bab 6: Persamaan Linear | Chapter 6: Linear Equations,6-2-persamaan-linear-dua-pemboleh-ubah,6.2 Persamaan Linear dalam Dua Pemboleh Ubah | 6.2 Linear Equations in Two Variables,summary,Persamaan linear dalam dua pemboleh ubah mengandungi dua pemboleh ubah berkuasa 1 dan mewakili garis lurus.,A linear equation in two variables contains two variables of degree 1 and represents a straight line.,,,,,,,
bab6,Bab 6: Persamaan Linear | Chapter 6: Linear Equations,6-2-persamaan-linear-dua-pemboleh-ubah,6.2 Persamaan Linear dalam Dua Pemboleh Ubah | 6.2 Linear Equations in Two Variables,fact,Bentuk umum ialah ax + by = c.,The general form is ax + by = c.,,,,,,,
bab6,Bab 6: Persamaan Linear | Chapter 6: Linear Equations,6-2-persamaan-linear-dua-pemboleh-ubah,6.2 Persamaan Linear dalam Dua Pemboleh Ubah | 6.2 Linear Equations in Two Variables,fact,"Persamaan ini mempunyai bilangan pasangan penyelesaian (x, y) yang tak terhingga.","This equation has an infinite number of (x, y) solution pairs.",,,,,,,
bab6,Bab 6: Persamaan Linear | Chapter 6: Linear Equations,6-2-persamaan-linear-dua-pemboleh-ubah,6.2 Persamaan Linear dalam Dua Pemboleh Ubah | 6.2 Linear Equations in Two Variables,person,Memperkenalkan sistem koordinat Cartes untuk menghubungkan algebra dan geometri.,Introduced the Cartesian coordinate system connecting algebra and geometry.,,,,,,René Descartes,Ahli Falsafah & Matematik / Philosopher & Mathematician
bab6,Bab 6: Persamaan Linear | Chapter 6: Linear Equations,6-2-persamaan-linear-dua-pemboleh-ubah,6.2 Persamaan Linear dalam Dua Pemboleh Ubah | 6.2 Linear Equations in Two Variables,multiple_choice,"Antara berikut, yang manakah persamaan linear dalam dua pemboleh ubah? / Which of the following is a linear equation in two variables?",,2x + 3y = 7,x² + y = 4,xy = 6,2x + 3 = 0,2x + 3y = 7,,
bab6,Bab 6: Persamaan Linear | Chapter 6: Linear Equations,6-2-persamaan-linear-dua-pemboleh-ubah,6.2 Persamaan Linear dalam Dua Pemboleh Ubah | 6.2 Linear Equations in Two Variables,objective,"Jika x = 2 dalam 3x + y = 10, cari nilai y. / If x = 2 in 3x + y = 10, find y.",,,,,,y = 4,,
bab6,Bab 6: Persamaan Linear | Chapter 6: Linear Equations,6-3-persamaan-linear-serentak,6.3 Persamaan Linear Serentak dalam Dua Pemboleh Ubah | 6.3 Simultaneous Linear Equations in Two Variables,summary,Dua persamaan linear yang diselesaikan serentak untuk mencari nilai sepunya bagi dua pemboleh ubah.,Two linear equations solved simultaneously to find common values for both variables.,,,,,,,
bab6,Bab 6: Persamaan Linear | Chapter 6: Linear Equations,6-3-persamaan-linear-serentak,6.3 Persamaan Linear Serentak dalam Dua Pemboleh Ubah | 6.3 Simultaneous Linear Equations in Two Variables,fact,"Kaedah penyelesaian termasuk kaedah penggantian, penghapusan, dan graf.","Methods of solution include substitution, elimination, and graphical methods.",,,,,,,
bab6,Bab 6: Persamaan Linear | Chapter 6: Linear Equations,6-3-persamaan-linear-serentak,6.3 Persamaan Linear Serentak dalam Dua Pemboleh Ubah | 6.3 Simultaneous Linear Equations in Two Variables,fact,Titik persilangan pada graf mewakili penyelesaian tunggal sistem tersebut.,The point of intersection on a graph represents the unique solution.,,,,,,,
bab6,Bab 6: Persamaan Linear | Chapter 6: Linear Equations,6-3-persamaan-linear-serentak,6.3 Persamaan Linear Serentak dalam Dua Pemboleh Ubah | 6.3 Simultaneous Linear Equations in Two Variables,person,Menyelesaikan masalah persamaan serentak menggunakan matriks dan kaedah pemotongan.,Solved simultaneous equations using ancient counting boards and elimination.,,,,,,Liu Hui,Ahli Matematik Cina / Chinese Mathematician
bab6,Bab 6: Persamaan Linear | Chapter 6: Linear Equations,6-3-persamaan-linear-serentak,6.3 Persamaan Linear Serentak dalam Dua Pemboleh Ubah | 6.3 Simultaneous Linear Equations in Two Variables,multiple_choice,Selesaikan: x + y = 5 dan x - y = 1. / Solve: x + y = 5 and x - y = 1.,,"x = 3, y = 2","x = 4, y = 1","x = 2, y = 3","x = 5, y = 0","x = 3, y = 2",,
bab6,Bab 6: Persamaan Linear | Chapter 6: Linear Equations,6-3-persamaan-linear-serentak,6.3 Persamaan Linear Serentak dalam Dua Pemboleh Ubah | 6.3 Simultaneous Linear Equations in Two Variables,objective,Cari titik persilangan bagi y = 2x dan y = x + 3. / Find the intersection point of y = 2x and y = x + 3.,,,,,,"(3, 6)",,
bab7,Bab 7: Ketaksamaan Linear | Chapter 7: Linear Inequalities,7-1-ketaksamaan,7.1 Ketaksamaan | 7.1 Inequalities,summary,"Ketaksamaan menggunakan simbol >, <, ≥, dan ≤ untuk membandingkan dua kuantiti berbeza.","Inequalities use symbols >, <, ≥, and ≤ to compare two different quantities.",,,,,,,
bab7,Bab 7: Ketaksamaan Linear | Chapter 7: Linear Inequalities,7-1-ketaksamaan,7.1 Ketaksamaan | 7.1 Inequalities,fact,"Simbol > bermaksud 'lebih besar daripada', manakala < bermaksud 'kurang daripada'.","The symbol > means 'greater than', while < means 'less than'.",,,,,,,
bab7,Bab 7: Ketaksamaan Linear | Chapter 7: Linear Inequalities,7-1-ketaksamaan,7.1 Ketaksamaan | 7.1 Inequalities,fact,Simbol ≥ dan ≤ merangkumi kesaksamaan.,The symbols ≥ and ≤ include equality.,,,,,,,
bab7,Bab 7: Ketaksamaan Linear | Chapter 7: Linear Inequalities,7-1-ketaksamaan,7.1 Ketaksamaan | 7.1 Inequalities,person,Memperkenalkan simbol ketaksamaan > dan < dalam bukunya Artis Analyticae Praxis.,Introduced inequality symbols > and < in his work Artis Analyticae Praxis.,,,,,,Thomas Harriot,Ahli Matematik / Mathematician
bab7,Bab 7: Ketaksamaan Linear | Chapter 7: Linear Inequalities,7-1-ketaksamaan,7.1 Ketaksamaan | 7.1 Inequalities,multiple_choice,"Antara berikut, simbol manakah bermaksud 'kurang daripada atau sama dengan'? / Which symbol means 'less than or equal to'?",,≤,≥,>,<,≤,,
bab7,Bab 7: Ketaksamaan Linear | Chapter 7: Linear Inequalities,7-1-ketaksamaan,7.1 Ketaksamaan | 7.1 Inequalities,objective,Tuliskan ayat matematik: x adalah sekurang-kurangnya 10. / Write the mathematical statement: x is at least 10.,,,,,,x ≥ 10,,
bab7,Bab 7: Ketaksamaan Linear | Chapter 7: Linear Inequalities,7-2-ketaksamaan-linear-satu-pemboleh-ubah,7.2 Ketaksamaan Linear dalam Satu Pemboleh Ubah | 7.2 Linear Inequalities in One Variable,summary,Ketaksamaan linear dalam satu pemboleh ubah melibatkan hubungan ketaksamaan algebra berkuasa 1.,Linear inequalities in one variable involve algebraic inequality relationships of degree 1.,,,,,,,
bab7,Bab 7: Ketaksamaan Linear | Chapter 7: Linear Inequalities,7-2-ketaksamaan-linear-satu-pemboleh-ubah,7.2 Ketaksamaan Linear dalam Satu Pemboleh Ubah | 7.2 Linear Inequalities in One Variable,fact,"Apabila didarab atau dibahagi dengan nombor negatif, tanda ketaksamaan diterbalikkan.","When multiplied or divided by a negative number, the inequality sign is reversed.",,,,,,,
bab7,Bab 7: Ketaksamaan Linear | Chapter 7: Linear Inequalities,7-2-ketaksamaan-linear-satu-pemboleh-ubah,7.2 Ketaksamaan Linear dalam Satu Pemboleh Ubah | 7.2 Linear Inequalities in One Variable,fact,Penyelesaian diwakilkan pada garis nombor.,Solutions can be represented on a number line.,,,,,,,
bab7,Bab 7: Ketaksamaan Linear | Chapter 7: Linear Inequalities,7-2-ketaksamaan-linear-satu-pemboleh-ubah,7.2 Ketaksamaan Linear dalam Satu Pemboleh Ubah | 7.2 Linear Inequalities in One Variable,person,Mengkaji sifat ketaksamaan dalam teori nombor dan analisis matematik.,Studied inequality properties in number theory and mathematical analysis.,,,,,,Augustin-Louis Cauchy,Ahli Matematik / Mathematician
bab7,Bab 7: Ketaksamaan Linear | Chapter 7: Linear Inequalities,7-2-ketaksamaan-linear-satu-pemboleh-ubah,7.2 Ketaksamaan Linear dalam Satu Pemboleh Ubah | 7.2 Linear Inequalities in One Variable,multiple_choice,"Jika -2x < 6, apakah penyelesaian bagi x? / If -2x < 6, what is the solution for x?",,x > -3,x < -3,x > 3,x < 3,x > -3,,
bab7,Bab 7: Ketaksamaan Linear | Chapter 7: Linear Inequalities,7-2-ketaksamaan-linear-satu-pemboleh-ubah,7.2 Ketaksamaan Linear dalam Satu Pemboleh Ubah | 7.2 Linear Inequalities in One Variable,objective,Selesaikan ketaksamaan: x + 4 ≥ 9. / Solve the inequality: x + 4 ≥ 9.,,,,,,x ≥ 5,,
bab8,Bab 8: Garis dan Sudut | Chapter 8: Lines and Angles,8-1-garis-dan-sudut,8.1 Garis dan Sudut | 8.1 Lines and Angles,summary,"Konsep asas garis, tembereng garis, sudut pelengkap, sudut penggenap, dan sudut konjugat.","Basic concepts of lines, line segments, complementary, supplementary, and conjugate angles.",,,,,,,
bab8,Bab 8: Garis dan Sudut | Chapter 8: Lines and Angles,8-1-garis-dan-sudut,8.1 Garis dan Sudut | 8.1 Lines and Angles,fact,"Sudut tegak bernilai 90°, sudut tirus < 90°, dan sudut cakah antara 90° hingga 180°.","Right angles are 90°, acute angles are < 90°, and obtuse angles are between 90° and 180°.",,,,,,,
bab8,Bab 8: Garis dan Sudut | Chapter 8: Lines and Angles,8-1-garis-dan-sudut,8.1 Garis dan Sudut | 8.1 Lines and Angles,fact,Hasil tambah sudut pada garis lurus ialah 180°.,The sum of angles on a straight line is 180°.,,,,,,,
bab8,Bab 8: Garis dan Sudut | Chapter 8: Lines and Angles,8-1-garis-dan-sudut,8.1 Garis dan Sudut | 8.1 Lines and Angles,person,Mengkaji sifat awal sudut dan geometri satah di Yunani Purba.,Studied early properties of angles and plane geometry in Ancient Greece.,,,,,,Thales dari Miletus,Ahli Matematik & Falsafah / Mathematician & Philosopher
bab8,Bab 8: Garis dan Sudut | Chapter 8: Lines and Angles,8-1-garis-dan-sudut,8.1 Garis dan Sudut | 8.1 Lines and Angles,multiple_choice,Berapakah sudut penggenap bagi 60°? / What is the supplementary angle of 60°?,,120°,30°,90°,300°,120°,,
bab8,Bab 8: Garis dan Sudut | Chapter 8: Lines and Angles,8-1-garis-dan-sudut,8.1 Garis dan Sudut | 8.1 Lines and Angles,objective,Cari sudut pelengkap bagi 35°. / Find the complementary angle of 35°.,,,,,,55°,,
bab8,Bab 8: Garis dan Sudut | Chapter 8: Lines and Angles,8-2-sudut-garis-bersilang,8.2 Sudut yang berkaitan dengan Garis Bersilang | 8.2 Angles Related to Intersecting Lines,summary,Dua garis bersilang membentuk sudut bertentang bucu yang sama saiz dan sudut bersebelahan bertambah menjadi 180°.,Two intersecting lines form equal vertically opposite angles and adjacent angles that sum to 180°.,,,,,,,
bab8,Bab 8: Garis dan Sudut | Chapter 8: Lines and Angles,8-2-sudut-garis-bersilang,8.2 Sudut yang berkaitan dengan Garis Bersilang | 8.2 Angles Related to Intersecting Lines,fact,Sudut bertentang bucu sentiasa sama nilai.,Vertically opposite angles are always equal.,,,,,,,
bab8,Bab 8: Garis dan Sudut | Chapter 8: Lines and Angles,8-2-sudut-garis-bersilang,8.2 Sudut yang berkaitan dengan Garis Bersilang | 8.2 Angles Related to Intersecting Lines,fact,Hasil tambah sudut bersebelahan pada garis bersilang ialah 180°.,The sum of adjacent angles on intersecting lines is 180°.,,,,,,,
bab8,Bab 8: Garis dan Sudut | Chapter 8: Lines and Angles,8-2-sudut-garis-bersilang,8.2 Sudut yang berkaitan dengan Garis Bersilang | 8.2 Angles Related to Intersecting Lines,person,Membuktikan bahawa sudut bertentang bucu adalah sama saiz.,Proved that vertically opposite angles are equal.,,,,,,Thales dari Miletus,Ahli Matematik / Mathematician
bab8,Bab 8: Garis dan Sudut | Chapter 8: Lines and Angles,8-2-sudut-garis-bersilang,8.2 Sudut yang berkaitan dengan Garis Bersilang | 8.2 Angles Related to Intersecting Lines,multiple_choice,"Jika dua garis bersilang dan satu sudut ialah 50°, berapakah sudut bertentang bucunya? / If two lines intersect and one angle is 50°, what is its vertically opposite angle?",,50°,130°,90°,180°,50°,,
bab8,Bab 8: Garis dan Sudut | Chapter 8: Lines and Angles,8-2-sudut-garis-bersilang,8.2 Sudut yang berkaitan dengan Garis Bersilang | 8.2 Angles Related to Intersecting Lines,objective,"Dua garis bersilang. Jika sudut bersebelahan ialah x dan 110°, cari x. / Two lines intersect. If adjacent angles are x and 110°, find x.",,,,,,70°,,
bab8,Bab 8: Garis dan Sudut | Chapter 8: Lines and Angles,8-3-sudut-garis-selari,8.3 Sudut yang berkaitan dengan Garis Selari dan Garis Rentas Lintang | 8.3 Angles Related to Parallel Lines and Transversals,summary,"Garis rentas lintang memotong dua garis selari untuk membentuk sudut sepadan, sudut selang-seli, dan sudut pedalaman.","A transversal line intersects two parallel lines forming corresponding, alternate, and interior angles.",,,,,,,
bab8,Bab 8: Garis dan Sudut | Chapter 8: Lines and Angles,8-3-sudut-garis-selari,8.3 Sudut yang berkaitan dengan Garis Selari dan Garis Rentas Lintang | 8.3 Angles Related to Parallel Lines and Transversals,fact,Sudut sepadan adalah sama saiz (bentuk F).,Corresponding angles are equal (F-shape).,,,,,,,
bab8,Bab 8: Garis dan Sudut | Chapter 8: Lines and Angles,8-3-sudut-garis-selari,8.3 Sudut yang berkaitan dengan Garis Selari dan Garis Rentas Lintang | 8.3 Angles Related to Parallel Lines and Transversals,fact,"Sudut selang-seli adalah sama saiz (bentuk Z), manakala hasil tambah sudut pedalaman ialah 180° (bentuk C).","Alternate angles are equal (Z-shape), while interior angles sum to 180° (C-shape).",,,,,,,
bab8,Bab 8: Garis dan Sudut | Chapter 8: Lines and Angles,8-3-sudut-garis-selari,8.3 Sudut yang berkaitan dengan Garis Selari dan Garis Rentas Lintang | 8.3 Angles Related to Parallel Lines and Transversals,person,Memetakan postulat kelima mengenai garis selari dalam pembinaan geometri.,Formulated the fifth postulate regarding parallel lines in geometric construction.,,,,,,Euclid,Ahli Matematik / Mathematician
bab8,Bab 8: Garis dan Sudut | Chapter 8: Lines and Angles,8-3-sudut-garis-selari,8.3 Sudut yang berkaitan dengan Garis Selari dan Garis Rentas Lintang | 8.3 Angles Related to Parallel Lines and Transversals,multiple_choice,Hasil tambah dua sudut pedalaman antara dua garis selari ialah: / The sum of two interior angles between two parallel lines is:,,180°,90°,360°,120°,180°,,
bab8,Bab 8: Garis dan Sudut | Chapter 8: Lines and Angles,8-3-sudut-garis-selari,8.3 Sudut yang berkaitan dengan Garis Selari dan Garis Rentas Lintang | 8.3 Angles Related to Parallel Lines and Transversals,objective,"Jika sudut selang-seli pada garis selari ialah x dan 65°, cari x. / If alternate angles on parallel lines are x and 65°, find x.",,,,,,65°,,
bab9,Bab 9: Poligon Asas | Chapter 9: Basic Polygons,9-1-poligon,9.1 Poligon | 9.1 Polygons,summary,Poligon ialah bentuk satah tertutup yang dibatasi oleh tiga atau lebih sisi lurus.,A polygon is a closed plane figure bounded by three or more straight sides.,,,,,,,
bab9,Bab 9: Poligon Asas | Chapter 9: Basic Polygons,9-1-poligon,9.1 Poligon | 9.1 Polygons,fact,"Poligon dinamakan mengikut bilangan sisinya (cth: segi tiga, sisi empat, pentagon).","Polygons are named according to their number of sides (e.g., triangle, quadrilateral, pentagon).",,,,,,,
bab9,Bab 9: Poligon Asas | Chapter 9: Basic Polygons,9-1-poligon,9.1 Poligon | 9.1 Polygons,fact,Diagonals menghubungkan bucu yang tidak bersebelahan.,Diagonals connect non-adjacent vertices.,,,,,,,
bab9,Bab 9: Poligon Asas | Chapter 9: Basic Polygons,9-1-poligon,9.1 Poligon | 9.1 Polygons,person,Mengkaji sifat poligon sekata dan pembinaan poligon menggunakan jangka lukis.,Studied regular polygons and geometric construction using compass and straightedge.,,,,,,Carl Friedrich Gauss,Ahli Matematik / Mathematician
bab9,Bab 9: Poligon Asas | Chapter 9: Basic Polygons,9-1-poligon,9.1 Poligon | 9.1 Polygons,multiple_choice,Berapakah bilangan sisi bagi sebuah pentagon? / How many sides does a pentagon have?,,5,6,4,8,5,,
bab9,Bab 9: Poligon Asas | Chapter 9: Basic Polygons,9-1-poligon,9.1 Poligon | 9.1 Polygons,objective,Berapakah bilangan bucu bagi sebuah heksagon? / How many vertices does a hexagon have?,,,,,,6,,
bab9,Bab 9: Poligon Asas | Chapter 9: Basic Polygons,9-2-sifat-segi-tiga,9.2 Sifat Segi Tiga dan Sudut Pedalaman serta Sudut Peluaran Segi Tiga | 9.2 Properties of Triangles and Interior & Exterior Angles of Triangles,summary,"Segi tiga dikelaskan mengikut sisi atau sudut, dengan hasil tambah sudut pedalaman sentiasa 180°.","Triangles are classified by sides or angles, with the sum of interior angles always equaling 180°.",,,,,,,
bab9,Bab 9: Poligon Asas | Chapter 9: Basic Polygons,9-2-sifat-segi-tiga,9.2 Sifat Segi Tiga dan Sudut Pedalaman serta Sudut Peluaran Segi Tiga | 9.2 Properties of Triangles and Interior & Exterior Angles of Triangles,fact,Sudut peluaran segi tiga sama dengan hasil tambah dua sudut pedalaman bertentangan.,The exterior angle of a triangle equals the sum of its two opposite interior angles.,,,,,,,
bab9,Bab 9: Poligon Asas | Chapter 9: Basic Polygons,9-2-sifat-segi-tiga,9.2 Sifat Segi Tiga dan Sudut Pedalaman serta Sudut Peluaran Segi Tiga | 9.2 Properties of Triangles and Interior & Exterior Angles of Triangles,fact,Segi tiga sama sisi mempunyai tiga sudut 60°.,An equilateral triangle has three 60° angles.,,,,,,,
bab9,Bab 9: Poligon Asas | Chapter 9: Basic Polygons,9-2-sifat-segi-tiga,9.2 Sifat Segi Tiga dan Sudut Pedalaman serta Sudut Peluaran Segi Tiga | 9.2 Properties of Triangles and Interior & Exterior Angles of Triangles,person,Membuktikan teorem sudut pedalaman segi tiga bernilai 180°.,Proved that the sum of interior angles of a triangle equals 180°.,,,,,,Pythagoras,Ahli Matematik / Mathematician
bab9,Bab 9: Poligon Asas | Chapter 9: Basic Polygons,9-2-sifat-segi-tiga,9.2 Sifat Segi Tiga dan Sudut Pedalaman serta Sudut Peluaran Segi Tiga | 9.2 Properties of Triangles and Interior & Exterior Angles of Triangles,multiple_choice,Berapakah hasil tambah sudut pedalaman bagi sebuah segi tiga? / What is the sum of interior angles of a triangle?,,180°,360°,90°,270°,180°,,
bab9,Bab 9: Poligon Asas | Chapter 9: Basic Polygons,9-2-sifat-segi-tiga,9.2 Sifat Segi Tiga dan Sudut Pedalaman serta Sudut Peluaran Segi Tiga | 9.2 Properties of Triangles and Interior & Exterior Angles of Triangles,objective,Dua sudut dalam segi tiga ialah 50° dan 70°. Cari sudut ketiga. / Two angles in a triangle are 50° and 70°. Find the third angle.,,,,,,60°,,
bab9,Bab 9: Poligon Asas | Chapter 9: Basic Polygons,9-3-sifat-sisi-empat,9.3 Sifat Sisi Empat dan Sudut Pedalaman serta Sudut Peluaran Sisi Empat | 9.3 Properties of Quadrilaterals and Interior & Exterior Angles of Quadrilaterals,summary,Sisi empat mempunyai 4 sisi dan hasil tambah sudut pedalamannya ialah 360°.,Quadrilaterals have 4 sides and the sum of their interior angles is 360°.,,,,,,,
bab9,Bab 9: Poligon Asas | Chapter 9: Basic Polygons,9-3-sifat-sisi-empat,9.3 Sifat Sisi Empat dan Sudut Pedalaman serta Sudut Peluaran Sisi Empat | 9.3 Properties of Quadrilaterals and Interior & Exterior Angles of Quadrilaterals,fact,"Segi empat tepat, segi empat sama, segi empat selari, rombus, trapezium, dan lelayang ialah jenis sisi empat.","Rectangles, squares, parallelograms, rhombuses, trapeziums, and kites are types of quadrilaterals.",,,,,,,
bab9,Bab 9: Poligon Asas | Chapter 9: Basic Polygons,9-3-sifat-sisi-empat,9.3 Sifat Sisi Empat dan Sudut Pedalaman serta Sudut Peluaran Sisi Empat | 9.3 Properties of Quadrilaterals and Interior & Exterior Angles of Quadrilaterals,fact,Sudut bertentangan dalam segi empat selari adalah sama saiz.,Opposite angles in a parallelogram are equal.,,,,,,,
bab9,Bab 9: Poligon Asas | Chapter 9: Basic Polygons,9-3-sifat-sisi-empat,9.3 Sifat Sisi Empat dan Sudut Pedalaman serta Sudut Peluaran Sisi Empat | 9.3 Properties of Quadrilaterals and Interior & Exterior Angles of Quadrilaterals,person,Mengkaji sifat-sifat geometri sisi empat dan satah bulatan.,Studied geometric properties of quadrilaterals and cyclic figures.,,,,,,Ptolemy,Ahli Astronomi & Matematik / Astronomer & Mathematician
bab9,Bab 9: Poligon Asas | Chapter 9: Basic Polygons,9-3-sifat-sisi-empat,9.3 Sifat Sisi Empat dan Sudut Pedalaman serta Sudut Peluaran Sisi Empat | 9.3 Properties of Quadrilaterals and Interior & Exterior Angles of Quadrilaterals,multiple_choice,Berapakah hasil tambah sudut pedalaman bagi sebuah sisi empat? / What is the sum of interior angles of a quadrilateral?,,360°,180°,540°,90°,360°,,
bab9,Bab 9: Poligon Asas | Chapter 9: Basic Polygons,9-3-sifat-sisi-empat,9.3 Sifat Sisi Empat dan Sudut Pedalaman serta Sudut Peluaran Sisi Empat | 9.3 Properties of Quadrilaterals and Interior & Exterior Angles of Quadrilaterals,objective,"Tiga sudut sebuah sisi empat ialah 90°, 85°, dan 95°. Cari sudut keempat. / Three angles of a quadrilateral are 90°, 85°, and 95°. Find the fourth angle.",,,,,,90°,,
bab10,Bab 10: Perimeter dan Luas | Chapter 10: Perimeter and Area,10-1-perimeter,10.1 Perimeter | 10.1 Perimeter,summary,Perimeter ialah jumlah panjang sempadan yang mengelilingi suatu kawasan tertutup.,Perimeter is the total length of the boundary enclosing a closed area.,,,,,,,
bab10,Bab 10: Perimeter dan Luas | Chapter 10: Perimeter and Area,10-1-perimeter,10.1 Perimeter | 10.1 Perimeter,fact,"Perimeter diukur dalam unit panjang seperti cm, m, atau km.","Perimeter is measured in linear units such as cm, m, or km.",,,,,,,
bab10,Bab 10: Perimeter dan Luas | Chapter 10: Perimeter and Area,10-1-perimeter,10.1 Perimeter | 10.1 Perimeter,fact,Perimeter bentuk gabungan diperoleh dengan menambah semua panjang sisi terluar.,Perimeter of combined shapes is calculated by adding all outer boundary lengths.,,,,,,,
bab10,Bab 10: Perimeter dan Luas | Chapter 10: Perimeter and Area,10-1-perimeter,10.1 Perimeter | 10.1 Perimeter,person,Membangunkan kaedah pengukuran tanah dan perimeter dalam tamadun purba.,Developed land surveying and perimeter measurement methods in ancient civilizations.,,,,,,Scribe Ahmes,Ahli Matematik / Mathematician
bab10,Bab 10: Perimeter dan Luas | Chapter 10: Perimeter and Area,10-1-perimeter,10.1 Perimeter | 10.1 Perimeter,multiple_choice,Cari perimeter sebuah segi empat sama dengan panjang sisi 5 cm. / Find the perimeter of a square with side length 5 cm.,,20 cm,25 cm,10 cm,15 cm,20 cm,,
bab10,Bab 10: Perimeter dan Luas | Chapter 10: Perimeter and Area,10-1-perimeter,10.1 Perimeter | 10.1 Perimeter,objective,Sebuah segi empat tepat berukuran 8 cm panjang dan 3 cm lebar. Cari perimeternya. / A rectangle is 8 cm long and 3 cm wide. Find its perimeter.,,,,,,22 cm,,
bab10,Bab 10: Perimeter dan Luas | Chapter 10: Perimeter and Area,10-2-luas-bentuk,"10.2 Luas Segi Tiga, Segi Empat Selari, Lelayang dan Trapezium | 10.2 Area of Triangles, Parallelograms, Kites and Trapeziums",summary,Luas mengukur saiz permukaan tertutup menggunakan formula khusus mengikut bentuk geometri.,Area measures the size of a closed surface using specific formulas for each geometric shape.,,,,,,,
bab10,Bab 10: Perimeter dan Luas | Chapter 10: Perimeter and Area,10-2-luas-bentuk,"10.2 Luas Segi Tiga, Segi Empat Selari, Lelayang dan Trapezium | 10.2 Area of Triangles, Parallelograms, Kites and Trapeziums",fact,Luas segi tiga = 1/2 × tapak × tinggi.,Area of triangle = 1/2 × base × height.,,,,,,,
bab10,Bab 10: Perimeter dan Luas | Chapter 10: Perimeter and Area,10-2-luas-bentuk,"10.2 Luas Segi Tiga, Segi Empat Selari, Lelayang dan Trapezium | 10.2 Area of Triangles, Parallelograms, Kites and Trapeziums",fact,Luas trapezium = 1/2 × (hasil tambah dua sisi selari) × tinggi.,Area of trapezium = 1/2 × (sum of two parallel sides) × height.,,,,,,,
bab10,Bab 10: Perimeter dan Luas | Chapter 10: Perimeter and Area,10-2-luas-bentuk,"10.2 Luas Segi Tiga, Segi Empat Selari, Lelayang dan Trapezium | 10.2 Area of Triangles, Parallelograms, Kites and Trapeziums",person,Mencipta Formula Heron untuk menghitung luas segi tiga berdasarkan panjang tiga sisinya.,Created Heron's Formula to calculate triangle area given all three side lengths.,,,,,,Hero dari Alexandria,Ahli Matematik / Mathematician
bab10,Bab 10: Perimeter dan Luas | Chapter 10: Perimeter and Area,10-2-luas-bentuk,"10.2 Luas Segi Tiga, Segi Empat Selari, Lelayang dan Trapezium | 10.2 Area of Triangles, Parallelograms, Kites and Trapeziums",multiple_choice,Hitung luas segi tiga dengan tapak 6 cm dan tinggi 4 cm. / Calculate the area of a triangle with base 6 cm and height 4 cm.,,12 cm²,24 cm²,10 cm²,8 cm²,12 cm²,,
bab10,Bab 10: Perimeter dan Luas | Chapter 10: Perimeter and Area,10-2-luas-bentuk,"10.2 Luas Segi Tiga, Segi Empat Selari, Lelayang dan Trapezium | 10.2 Area of Triangles, Parallelograms, Kites and Trapeziums",objective,Cari luas segi empat selari dengan tapak 10 cm dan tinggi 5 cm. / Find the area of a parallelogram with base 10 cm and height 5 cm.,,,,,,50 cm²,,
bab10,Bab 10: Perimeter dan Luas | Chapter 10: Perimeter and Area,10-3-perkaitan-perimeter-dan-luas,10.3 Perkaitan antara Perimeter dan Luas | 10.3 Relationship between Perimeter and Area,summary,"Perkaitan antara bentuk dengan perimeter yang sama tetapi luas berbeza, dan sebaliknya.","The relationship between shapes having the same perimeter but different areas, and vice versa.",,,,,,,
bab10,Bab 10: Perimeter dan Luas | Chapter 10: Perimeter and Area,10-3-perkaitan-perimeter-dan-luas,10.3 Perkaitan antara Perimeter dan Luas | 10.3 Relationship between Perimeter and Area,fact,"Bagi perimeter yang tetap, segi empat sama mempunyai luas yang paling besar.","For a fixed perimeter, a square encloses the maximum area.",,,,,,,
bab10,Bab 10: Perimeter dan Luas | Chapter 10: Perimeter and Area,10-3-perkaitan-perimeter-dan-luas,10.3 Perkaitan antara Perimeter dan Luas | 10.3 Relationship between Perimeter and Area,fact,"Bagi luas yang tetap, segi empat sama mempunyai perimeter yang paling kecil.","For a fixed area, a square has the minimum perimeter.",,,,,,,
bab10,Bab 10: Perimeter dan Luas | Chapter 10: Perimeter and Area,10-3-perkaitan-perimeter-dan-luas,10.3 Perkaitan antara Perimeter dan Luas | 10.3 Relationship between Perimeter and Area,person,Mengkaji masalah isoperimetrik dalam geometri klasik.,Studied isoperimetric problems in classical geometry.,,,,,,Zenodorus,Ahli Matematik Yunani / Greek Mathematician
bab10,Bab 10: Perimeter dan Luas | Chapter 10: Perimeter and Area,10-3-perkaitan-perimeter-dan-luas,10.3 Perkaitan antara Perimeter dan Luas | 10.3 Relationship between Perimeter and Area,multiple_choice,"Antara bentuk berikut dengan perimeter 16 cm, yang manakah mempunyai luas terbesar? / Among the following shapes with a perimeter of 16 cm, which has the largest area?",,Segi empat sama 4cm x 4cm / Square 4cm x 4cm,Segi empat tepat 6cm x 2cm / Rectangle 6cm x 2cm,Segi empat tepat 7cm x 1cm / Rectangle 7cm x 1cm,Segi empat tepat 5cm x 3cm / Rectangle 5cm x 3cm,Segi empat sama 4cm x 4cm / Square 4cm x 4cm,,
bab10,Bab 10: Perimeter dan Luas | Chapter 10: Perimeter and Area,10-3-perkaitan-perimeter-dan-luas,10.3 Perkaitan antara Perimeter dan Luas | 10.3 Relationship between Perimeter and Area,objective,Berapakah luas maksimum bagi segi empat tepat dengan perimeter 20 cm? / What is the maximum area for a rectangle with a perimeter of 20 cm?,,,,,,25 cm²,,
bab11,Bab 11: Pengenalan Set | Chapter 11: Introduction to Sets,11-1-set,11.1 Set | 11.1 Sets,summary,Set ialah koleksi objek yang mempunyai ciri-ciri sepunya yang ditakrifkan dengan jelas.,A set is a collection of objects that share clearly defined common characteristics.,,,,,,,
bab11,Bab 11: Pengenalan Set | Chapter 11: Introduction to Sets,11-1-set,11.1 Set | 11.1 Sets,fact,Unsur dalam set ditulis dalam tatatanda kurungan pemfaktoran { }.,Elements in a set are written inside curly brackets { }.,,,,,,,
bab11,Bab 11: Pengenalan Set | Chapter 11: Introduction to Sets,11-1-set,11.1 Set | 11.1 Sets,fact,Set kosong (∅ atau {}) tidak mengandungi sebarang unsur.,An empty set (∅ or {}) contains no elements.,,,,,,,
bab11,Bab 11: Pengenalan Set | Chapter 11: Introduction to Sets,11-1-set,11.1 Set | 11.1 Sets,person,Membangunkan Teori Set sebagai asas matematik moden.,Developed Set Theory as a foundation for modern mathematics.,,,,,,Georg Cantor,Ahli Matematik / Mathematician
bab11,Bab 11: Pengenalan Set | Chapter 11: Introduction to Sets,11-1-set,11.1 Set | 11.1 Sets,multiple_choice,"Antara berikut, yang manakah simbol bagi set kosong? / Which of the following is the symbol for an empty set?",,∅,∈,⊂,ξ,∅,,
bab11,Bab 11: Pengenalan Set | Chapter 11: Introduction to Sets,11-1-set,11.1 Set | 11.1 Sets,objective,"Jika A = {faktor bagi 6}, senaraikan unsur set A. / If A = {factors of 6}, list the elements of set A.",,,,,,"{1, 2, 3, 6}",,
bab11,Bab 11: Pengenalan Set | Chapter 11: Introduction to Sets,11-2-venn-diagrams,"11.2 Gambar Rajah Venn, Set Semesta, Pelengkap bagi suatu Set dan Subset | 11.2 Venn Diagrams, Universal Sets, Complement of a Set and Subsets",summary,"Gambar rajah Venn merupakan perwakilan visual bagi hubungan antara set, set semesta (ξ), pelengkap, dan subset.","Venn diagrams represent visual relationships between sets, universal set (ξ), complement, and subsets.",,,,,,,
bab11,Bab 11: Pengenalan Set | Chapter 11: Introduction to Sets,11-2-venn-diagrams,"11.2 Gambar Rajah Venn, Set Semesta, Pelengkap bagi suatu Set dan Subset | 11.2 Venn Diagrams, Universal Sets, Complement of a Set and Subsets",fact,Pelengkap bagi set A (A') mengandungi semua unsur dalam set semesta yang BUKAN unsur A.,The complement of set A (A') contains all elements in the universal set that are NOT in set A.,,,,,,,
bab11,Bab 11: Pengenalan Set | Chapter 11: Introduction to Sets,11-2-venn-diagrams,"11.2 Gambar Rajah Venn, Set Semesta, Pelengkap bagi suatu Set dan Subset | 11.2 Venn Diagrams, Universal Sets, Complement of a Set and Subsets",fact,Set A ialah subset bagi set B (A ⊂ B) jika setiap unsur A terdapat dalam B.,Set A is a subset of set B (A ⊂ B) if every element of A is in B.,,,,,,,
bab11,Bab 11: Pengenalan Set | Chapter 11: Introduction to Sets,11-2-venn-diagrams,"11.2 Gambar Rajah Venn, Set Semesta, Pelengkap bagi suatu Set dan Subset | 11.2 Venn Diagrams, Universal Sets, Complement of a Set and Subsets",person,Memperkenalkan Gambar Rajah Venn untuk mengvisualisasikan hubungan logik dan set.,Introduced Venn Diagrams to visualize logical relationships and sets.,,,,,,John Venn,Ahli Logik & Matematik / Logician & Mathematician
bab11,Bab 11: Pengenalan Set | Chapter 11: Introduction to Sets,11-2-venn-diagrams,"11.2 Gambar Rajah Venn, Set Semesta, Pelengkap bagi suatu Set dan Subset | 11.2 Venn Diagrams, Universal Sets, Complement of a Set and Subsets",multiple_choice,"Jika ξ = {1, 2, 3, 4, 5} dan A = {2, 4}, apakah A'? / If ξ = {1, 2, 3, 4, 5} and A = {2, 4}, what is A'?",,"{1, 3, 5}","{2, 4}","{1, 2, 3, 4, 5}",{},"{1, 3, 5}",,
bab11,Bab 11: Pengenalan Set | Chapter 11: Introduction to Sets,11-2-venn-diagrams,"11.2 Gambar Rajah Venn, Set Semesta, Pelengkap bagi suatu Set dan Subset | 11.2 Venn Diagrams, Universal Sets, Complement of a Set and Subsets",objective,Berapakah bilangan subset bagi set dengan 3 unsur? / How many subsets does a set with 3 elements have?,,,,,,8,,
bab12,Bab 12: Pengendalian Data | Chapter 12: Data Handling,12-1-pengendalian-data,"12.1 Proses Pengumpulan, Pengorganisasian dan Perwakilan Data, serta Pentafsiran Perwakilan Data | 12.1 Data Collection, Organization, Representation and Interpretation Process",summary,"Pengendalian data melibatkan pengumpulan, pengorganisasian jadual, perwakilan visual (carta palang, carta pai, plot titik), dan pentafsiran data.","Data handling involves collection, tabular organization, visual representation (bar chart, pie chart, dot plot), and data interpretation.",,,,,,,
bab12,Bab 12: Pengendalian Data | Chapter 12: Data Handling,12-1-pengendalian-data,"12.1 Proses Pengumpulan, Pengorganisasian dan Perwakilan Data, serta Pentafsiran Perwakilan Data | 12.1 Data Collection, Organization, Representation and Interpretation Process",fact,"Data kualitatif menerangkan sifat/kategori, manakala data kuantitatif melibatkan ukuran angka.","Qualitative data describes categories/attributes, while quantitative data involves numerical measurements.",,,,,,,
bab12,Bab 12: Pengendalian Data | Chapter 12: Data Handling,12-1-pengendalian-data,"12.1 Proses Pengumpulan, Pengorganisasian dan Perwakilan Data, serta Pentafsiran Perwakilan Data | 12.1 Data Collection, Organization, Representation and Interpretation Process",fact,Carta pai menunjukkan bahagian data sebagai sektor bulatan daripada 360°.,Pie charts display data proportions as circular sectors out of 360°.,,,,,,,
bab12,Bab 12: Pengendalian Data | Chapter 12: Data Handling,12-1-pengendalian-data,"12.1 Proses Pengumpulan, Pengorganisasian dan Perwakilan Data, serta Pentafsiran Perwakilan Data | 12.1 Data Collection, Organization, Representation and Interpretation Process",person,Pelopor perwakilan data grafik seperti carta palang dan carta pai moden.,Pioneer of graphical data representation including modern bar and pie charts.,,,,,,William Playfair,Ahli Jurutera & Ekonomi / Engineer & Political Economist
bab12,Bab 12: Pengendalian Data | Chapter 12: Data Handling,12-1-pengendalian-data,"12.1 Proses Pengumpulan, Pengorganisasian dan Perwakilan Data, serta Pentafsiran Perwakilan Data | 12.1 Data Collection, Organization, Representation and Interpretation Process",multiple_choice,Apakah jenis perwakilan data yang sesuai menunjukkan bahagian peratusan daripada keseluruhan? / Which data representation is suitable for showing percentage proportions of a whole?,,Carta Pai / Pie Chart,Plot Titik / Dot Plot,Graf Garis / Line Graph,Jadual Kekerapan / Frequency Table,Carta Pai / Pie Chart,,
bab12,Bab 12: Pengendalian Data | Chapter 12: Data Handling,12-1-pengendalian-data,"12.1 Proses Pengumpulan, Pengorganisasian dan Perwakilan Data, serta Pentafsiran Perwakilan Data | 12.1 Data Collection, Organization, Representation and Interpretation Process",objective,Hitung sudut sektor bagi 25% dalam carta pai. / Calculate the sector angle for 25% in a pie chart.,,,,,,90°,,
bab13,Bab 13: Teorem Pythagoras | Chapter 13: Pythagoras' Theorem,13-1-teorem-pythagoras,13.1 Teorem Pythagoras | 13.1 Pythagoras' Theorem,summary,"Teorem Pythagoras menyatakan bahawa bagi segi tiga bersudut tegak, kuasa dua hipotenus sama dengan hasil tambah kuasa dua dua sisi lain (c² = a² + b²).","Pythagoras' Theorem states that in a right-angled triangle, the square of the hypotenuse equals the sum of squares of the other two sides (c² = a² + b²).",,,,,,,
bab13,Bab 13: Teorem Pythagoras | Chapter 13: Pythagoras' Theorem,13-1-teorem-pythagoras,13.1 Teorem Pythagoras | 13.1 Pythagoras' Theorem,fact,Hipotenus ialah sisi terpanjang yang bertentangan dengan sudut 90°.,The hypotenuse is the longest side opposite the 90° angle.,,,,,,,
bab13,Bab 13: Teorem Pythagoras | Chapter 13: Pythagoras' Theorem,13-1-teorem-pythagoras,13.1 Teorem Pythagoras | 13.1 Pythagoras' Theorem,fact,"Tigaan Pythagoras popular termasuk (3, 4, 5) dan (5, 12, 13).","Common Pythagorean triples include (3, 4, 5) and (5, 12, 13).",,,,,,,
bab13,Bab 13: Teorem Pythagoras | Chapter 13: Pythagoras' Theorem,13-1-teorem-pythagoras,13.1 Teorem Pythagoras | 13.1 Pythagoras' Theorem,person,Merumuskan teorem geometri nisbah sisi segi tiga bersudut tegak secara formal.,Formally formulated the geometric theorem on side ratios of right-angled triangles.,,,,,,Pythagoras,Ahli Matematik & Falsafah / Mathematician & Philosopher
bab13,Bab 13: Teorem Pythagoras | Chapter 13: Pythagoras' Theorem,13-1-teorem-pythagoras,13.1 Teorem Pythagoras | 13.1 Pythagoras' Theorem,multiple_choice,"Berdasarkan segi tiga bersudut tegak dengan sisi 3 cm dan 4 cm, berapakah panjang hipotenus? / In a right-angled triangle with sides 3 cm and 4 cm, what is the hypotenuse length?",,5 cm,7 cm,6 cm,25 cm,5 cm,,
bab13,Bab 13: Teorem Pythagoras | Chapter 13: Pythagoras' Theorem,13-1-teorem-pythagoras,13.1 Teorem Pythagoras | 13.1 Pythagoras' Theorem,objective,Hitung c jika a = 6 dan b = 8 dalam c² = a² + b². / Calculate c if a = 6 and b = 8 in c² = a² + b².,,,,,,10,,
bab13,Bab 13: Teorem Pythagoras | Chapter 13: Pythagoras' Theorem,13-2-akas-teorem-pythagoras,13.2 Akas Teorem Pythagoras | 13.2 Converse of Pythagoras' Theorem,summary,"Akas Teorem Pythagoras menentukan sama ada suatu segi tiga ialah segi tiga bersudut tegak, tirus, atau cakah berdasarkan panjang sisinya.","The Converse of Pythagoras' Theorem determines whether a triangle is right-angled, acute, or obtuse based on side lengths.",,,,,,,
bab13,Bab 13: Teorem Pythagoras | Chapter 13: Pythagoras' Theorem,13-2-akas-teorem-pythagoras,13.2 Akas Teorem Pythagoras | 13.2 Converse of Pythagoras' Theorem,fact,"Jika c² = a² + b², maka sudut bertentangan dengan sisi c ialah sudut tegak (90°).","If c² = a² + b², then the angle opposite side c is a right angle (90°).",,,,,,,
bab13,Bab 13: Teorem Pythagoras | Chapter 13: Pythagoras' Theorem,13-2-akas-teorem-pythagoras,13.2 Akas Teorem Pythagoras | 13.2 Converse of Pythagoras' Theorem,fact,"Jika c² > a² + b², segi tiga itu ialah segi tiga cakah.","If c² > a² + b², the triangle is an obtuse-angled triangle.",,,,,,,
bab13,Bab 13: Teorem Pythagoras | Chapter 13: Pythagoras' Theorem,13-2-akas-teorem-pythagoras,13.2 Akas Teorem Pythagoras | 13.2 Converse of Pythagoras' Theorem,person,Membuktikan akas teorem Pythagoras dalam Elemen Euclid Buku I Prop. 48.,Proved the converse of Pythagoras' Theorem in Euclid's Elements Book I Prop. 48.,,,,,,Euclid,Ahli Matematik / Mathematician
bab13,Bab 13: Teorem Pythagoras | Chapter 13: Pythagoras' Theorem,13-2-akas-teorem-pythagoras,13.2 Akas Teorem Pythagoras | 13.2 Converse of Pythagoras' Theorem,multiple_choice,"Jika sisi segi tiga ialah 5 cm, 12 cm, dan 13 cm, apakah jenis segi tiga tersebut? / If the sides of a triangle are 5 cm, 12 cm, and 13 cm, what type of triangle is it?",,Segi tiga bersudut tegak / Right-angled triangle,Segi tiga cakah / Obtuse triangle,Segi tiga sama sisi / Equilateral triangle,Segi tiga tirus / Acute triangle,Segi tiga bersudut tegak / Right-angled triangle,,
bab13,Bab 13: Teorem Pythagoras | Chapter 13: Pythagoras' Theorem,13-2-akas-teorem-pythagoras,13.2 Akas Teorem Pythagoras | 13.2 Converse of Pythagoras' Theorem,objective,"Adakah segi tiga dengan sisi 4 cm, 5 cm, dan 6 cm sebuah segi tiga bersudut tegak? (Ya/Tidak) / Is a triangle with sides 4 cm, 5 cm, and 6 cm a right-angled triangle? (Yes/No)",,,,,,Tidak / No,,
